Source_id,Sentence_en
1,It also helps us to find out the errors for Eclipse programmers.
2,"""I know the truth of the faith which is faith: and as it is written in the scripture, so is the spirit of faith, while we have faith of faidom."""
3,Then it will find for our driver. I will click on Cancel.
4,"For all iteration, iterator is set for each index values. 1.1 and 1.2 etc."
5,"""And it came to me, that, when he had redealed the second side, he said, I am he."""
6,We have learnt that objects store in our position fields.
7,Child has trust in you all.
8,You can be false by observing the structure.
9,"""And when ye walked his commandments, ye have heard of his houses; and his heart is called unto you in the member of righteousness."""
10,"""Apart of water of the water is in the ground and in the floor, there comes from water."""
11,He will see the book.
12,My grandfather comes to the library.
13,Switch back to the upline and click on tab up to 0 to 9.
14,The Align and Distrite dialog box opens to the right of the interface.
15,"To set the brack point, click on line no."
16,"As we have done for Borrowed Books, it has been done here."
17,"""The scriptic time is defined by Yoga Sutra of Patanjali, the first law of Yoga."""
18,Those two are two.
19,"Apache, MySQL and PHP obtained by XAMPP 5.5.19"
20,Here we can give the title to our document.
21,The soldiers followed them.
22,1. Cooks are getting cloths
23,"In the launcher, we can add the shortcut."
24,"""While they should be high, they will have her clothes, and they cannot eat."""
25,"This use of various numbers used to make many matters, movement, breathing and development."
26,You can overrun some small and other one.
27,Keep the elbows in all the rooms.
28,Boy displays love in you.
29,"""Ye know that all the people of Asia say unto me, There are fugillas and harmginess."""
30,"In this detail, I am-in Indian Journal of Microbiology."
31,"Publisher, Collection title,"
32,Place the second step with toes and toes.
33,I select the Brush small brush and I sell the Gradient and select my supercolors.
34,Then we will enter successUser page.
35,Trees and plants are increased in other laws.
36,"""Therefore, be ye not made unto him, nor to the Gentiles, but unto the holy, and unlawful of God."""
37,The displays of the Gentiles are generally grouped and holds special types in this series.
38,"""And the Jews and the people have no features: for the Lord of all men shall be called unto all that he hath."""
39,"So, to remove the problem of these two, removing various plants in the Swadi region."
40,Close Basket
41,Let us put on a tree with order.
42,"""And when he was before the time, he came to the war, and destroyed them out of the three threes and them that were in the war of Rama."""
43,With this we come to the end of this tutorial.
44,These methods and constructors are different.
45,The Pandavas are also numberd.
46,"Read data in a file e.g. fp = fopen (“Sample.txt”, “r”);"
47,"For details, please write to contact @ spoken-tutorial.org"
48,"Now, type the password for Moodle Administrator. You should have to follow the following passpore as shown here."
49,I will rename the FrontAccounting folder as account which is extracted.
50,"""And all the people, and the pesticides, and all the men of Israel, were in the synagogue."""
51,Welcome to Meet the GIMP.
52,We have to declare it before using the variable.
53,We can see the version of jdk.
54,"As we can see, the Course Category is Mathematics."
55,Now let us see how to create a simple Java web project using NetBeans IDE.
56,One who is the date of Acharidrona.
57,We all must believe.
58,"But in time, I will just fill the Full Name for duck and put then into the other details by pressing the enter."
59,Let us stop in the relaxed position or set.
60,"""And when they went, they took the ways of their owns."""
61,"In the perspective, type: INKSCAPE."
62,Click on Enter write u.
63,Let us work with the for loop next.
64,Let us see then again in the sevens. Repeat.
65,Clean the place and the cows and other foods are in place.
66,Sanskrit: One who has been could of the world.
67,"If you do not have good bandwidth, please note this."
68,Use two single sutra and add one seven with second seven to add a straight seven.
69,The left part of the left hand should be connected to the right arrow.
70,Change the name of the layer to CD template.
71,It helps in different water disease.
72,The enemy enters the enemy.
73,Right-click Databases node in the Services window.
74,Here is an error.
75,We will stand here.
76,"""And it came to pass, as his father is called his name, that they might see therefore the children."""
77,"So, the control goes to displayMessage."
78,We can now add this document to the end of the document.
79,Women are loking.
80,What does you need to read Geeta?
81,"""After there is nothing successfully, neither any good colour, become succested."""
82,"""Slow the buttocks on the ground, bring the bottoms in and relaxing the elbows only."""
83,Next we will call removeFromCheckout method.
84,Boy will take the side.
85,"""And the Lord shall be worshipped unto them, and the woman shall not be unto her."""
86,"To know the speciality of using hand seven and seven, you can make a list."
87,4. leaves are generally red colour which makes food food.
88,I just click on it to get out of that boat.
89,We have created a text.
90,knowledge of Sita in Hanumatta link.
91,"In this summarized tutorial, we have learnt about subclasing and method overriding."
92,"""For this, that, when Artimi was made of the temple, all the children of the people that were called unto him, we would not be callend the name of Demitrina."""
93,The making of this tutorial has been promoted in different ways and foods of social functions.
94,Let us learn how to install software using Synaptic Package Manager.
95,It can be a single cosocia or multiple cosocic area.
96,Click on View this Journal Entry link.
97,What is mackery?
98,She heads.
99,"e.g., 'abc' is added to 'regular expression' a or 'b' or 'c'."
100,They also have already water for making foods and waters.
101,"""And when they have no knowledge of the rulers, they shall not be called to the Lord, the Light and the Father."""
102,Observe that we also should also devote using food.
103,"""And he removed them out of the synagogue."""
104,"""And he answered and said unto him, Let me go, and behold my health, that he might take me."""
105,Go to the logo which is saved.
106,"""Asanas to be used, suddhasana, Gomachhásana, midditicentrasana and Miurasana."""
107,These are asanas.
108,Krishna is known all.
109,The fruit gives out.
110,Who are the warriors?
111,Click on Arrange at the bottom right.
112,Move Indians.
113,"""And it came to pass, that, when it was called, Jesus didle the disciples."""
114,"In this home, there are many cows."
115,Let us now add a Service tax. We have already created GL Account for the Service  tax.
116,"In an earlier tutorial, we learnt about the bookmarks."
117,"Now, click on Enter. To execute, type dot slash if1 and press Enter ."
118,We will learn about the input/put functions and the time works.
119,"Next, we will parse id as book_id as Integer."
120,"""But at the time of the seven angel of God, which is believe of the wind of the Spirit, the gospel of God will come, and the witness of his servants, and his prophets."""
121,"But to make an error stream, redirect, you should use 2 right angle bracket, 2 double right angle brackets."
122,Now we can see the name of the user inside id.
123,"""The Spirit of the Holy Ghost, the Spirit, the Triangn,"""
124,But we can send the most name to 50 people per day.
125,"It has variables for the details of the class following: Name, Service,"
126,You will be able to.
127,What was Marich?
128,Save and Run the law. We see the value is 0.
129,"In the sub-field ‘a’, in the Classification number, type 660.62"
130,Now we see normal errors which we go.
131,It improves blood process in the entire body.
132,How to check an index sequence in multidimensional array?
133,Create a circle and a red colour of the pencil colours.
134,error dialog box and Shortcut keys.
135,Let’s come here and delete it. Let me add the figure.
136,The name of the D.D.T. is need to be supported.
137,"Here, we can see that write has removed all."
138,Learn about License Agreement.
139,It contains the web page that you want to set the first laTeX text in Windows and it has the prerecord Editor of the TeXworks available at MikTeX.
140,We can see the block diagrams without division of the number.
141,We all must speak.
142,Internet conversation should be added.
143,And the program will come to an end too.
144,Use the top of the legs and down to the floor.
145,This line is based on your images.
146,Krishna stops the chariot.
147,The Spoken Tutorial in this tutorial I have creating equations.
148,The Spoken Tutorial Project is a part of the Talk to a Teacher project.
149,Koha selects Spoken Tutorial Library only.
150,"""And the great synagogues were astonished, and there were opened by the angel's face."""
151,Go to browser and open your Moodle site.
152,You can type the title of the journal here.
153,and these keys are used by other selections.
154,More information on this mission is available at this link.
155,"However, Internet Explorer is not used as it does not display them."
156,Type the date space plus percentage symbol in prompt and press Enter.
157,We will learn about what an interface is.
158,You can also say the life name of the earth is easy and easier;
159,Switch back to the back.
160,"""O Father, I will have revealed the word of this glory in his holy name; and then shall I make the light again unto thee, O my Father."""
161,"""Some simple emails are used in food teachers, which are as following leaves, bastards, Renic makin images, Calytropis, Caster leaves and Sehit Milkise""."
162,"""In that time men shall die: but they shall not be able to receive: they will like like their birds, but shall be put far from the dead."""
163,I care.
164,ENVIRON - The shell environment variables and theirray of these values.
165,We have set outside this part. And there is some one here.
166,It is a GUI to use the apt-get command line.
167,Keep the bottom 10 inches apart and place the hands in the chest.
168,Let us see what is in the Awkdemo.txt file.
169,"""And he answered and said unto them, Lo, they have suffered to do these wombs, and have done:"""
170,explain the meaning of people
171,So I can pull the black point till this.
172,"Extract the hygen ""HIV1gp3"" into 4587 to 5165 from the HIV 'gen' sequence."
173,"""And Jesus answered and said unto them, Eliasor died."""
174,"""And when he that doeth the works of his disciples seeth him, he shall not leave him;"""
175,Now we will see how the working of the system is done.
176,Now click on OK and close the dialog box.
177,It helps the Spoken Tutorial project.
178,Then I select Step Over and set the amount of the values in the constructor is 10.
179,Read Adhanshloka.
180,What are you going to home?
181,Welcome to the spoken tutorial on the grep command.
182,"Next, under the Description, we see 2 fields of Course Summary and Courses Summatry files."
183,Those are people.
184,"includegraphics , colour packages are used and we will refer to LaTeX as shown."
185,"Now, we are using a cout statement in place of printf statement as we are printing the function in line with C++."
186,3. I want food from clothed food gets a pencil like suta.
187,Write parentheses used by water.
188,"So, I select the demonstrator and get to the errors."
189,"""As there is a different representment of posture, excellent running, calculation, calculation etc."""
190,"So, the breathing time of your practice should be 30 to 35 breaths per minutes."
191,"Spoken Tutorial Project is a part of the Talk to a Teacher project which is supported by NMEICT, MHRD, Government of India."
192,The Spoken Tutorial Project Team conducts workshops using this tutorial.
193,"""No, but he that gave him an earth, saying, This is God: and he that is of the Spirit is God; but he shall bear according to thee."""
194,Satyatan: One who is the Surthaprakramaddi.
195,Slow the right hand slowly to the rist left till the left leg is straight.
196,Teacher calls children.
197,Write two types of cleanting outside body.
198,"""And when they had been departed, they sent him, and stood him into these things."""
199,"So, I will create a new layer and name it white and select the Layer Fill Type as White at the time I am recalling the value of opacity so that we can see the image."
200,"""Atmavan: One who is in his heart."""
201,A part of India can be defined with an example names of nations.
202,Now add the using statement.
203,It's good.
204,Let's have area of this player.
205,"""And when ye shall have heads, they shall hear it: and when they are not heared, then shall it be forth."""
206,Notice that we have not initialized the value of variables.
207,"Now, ctrl and z keys click doublely and downloadly."
208,Click on Selector tool.
209,I will give it to you.
210,"""While you breath, your path is exhaling out and as you exhale, the body is doubt."""
211,Now we will invoke the data method to print the details of the capital.
212,Click on the View menu and select the Properties option.
213,"To record the tutorial using Maximim resolution, for relevant using the Tools."
214,The total is 4000 and Actual cost 0.00.
215,Use guidelines and set them
216,The Provision field is used by a Sales Person.
217,"""And the disciples answered and said unto him, What shall we receive the poop to return them?"""
218,Child has friendship on it.
219,A Videos application is what you want to should have.
220,"""And as it is written in the book of Hoshey, I will say unto them that are not mys: and to them which are the Gentiles, and the Gentles are my Father."""
221,You can install KTouch with the Ubuntu Software Concentration.
222,Child has trust in these all.
223,For Grace period: I will select 15 day(s).
224,"""And I know that these things are not of the Jews, nor of the Gentiles; but I know therefore that thou sayest, The Jew is not of Jesus, but of the Judaes."""
225,Lord Shri Krishna says Geeta.
226,This is a physical exercise which person gives in one movement.
227,Explain the following words in the folders.
228,"""But the mouth will be fulfilled, and the moon shall be destroyed; and the people shall remove it."""
229,"In prompt, type the date space plus percentage symbol and press Enter."
230,"""And there came some Brahmans, and said, My mind have had to take Brahma into them,"""
231,And there was a full mountain from the mountains.
232,Do you know the music?
233,The next settings are Hidden sections. These are the contents for the students in the course.
234,They are boys.
235,The first step here is General Ledger Account Classes.
236,"""And when he was afar off therefore, he said unto him, Ye are of your people; and now he hath dead with you in his flesh body."""
237,But this is not the way with the people.
238,"""And as the Lord is working in the service of the LORD, saying, Trophene; and the LEG is full of prayers."""
239,"""It is a unique experience of relaxation, continuousness and peace."""
240,"""Maternal humans are not the fluent activities of nature, which is one of the forms of action."""
241,It should not be through throne or health down. It can make the head of body and plants difficult.
242,"""Product of 5 and 2 is 10.00"""
243,Son - What happened in these all?
244,"In the emacs editor that we open, we will see maths.pdf_t."
245,Feel the answer in all the parts of the body.
246,"""And he saith unto the people of Israel, The Lord is our Lord;"""
247,"""In Vedic creation, e.g. Rigwede, Yajurvede, Matriay's house is remembranced, there are many months of good."""
248,Double-click on it to see the content in the folder.
249,Locate the form of two screen hands and two circle hands or ark handles.
250,It is called Buffet system which food is placed on the ground.
251,"""And when it was written, Antiochius, Surius, and Cylicia, the church of the brethren of the multitude, and of the body of the elders, which had been called,"""
252,These two are two.
253,"However, this will not have direct access on the web to protect."
254,"""And Paul said unto the sepulchants of a 100th year, Behold, there is a new man's house, which is not so."""
255,"""If I always remove it, I will do so."""
256,Google Calendar.
257,"""And it came to pass, that, when they had passed, they worshipped,"""
258,Then click on Koha Administration.
259,Sansam is a dark.
260,"""I have written unto you, that ye shall not be able to do all the works of my commandment:"""
261,A new page opens up.
262,"It is also possible to use terminal, text editor, Synaptic ekage Manager."
263,"For example, in the Tudimensional array, the element is known by two index sequences."
264,They are in Sanskrit.
265,Save the image as .cml file.
266,Type 4.
267,There are some people in home a small place with requirements.
268,It increases your concentration and relaxes the mind.
269,Do not use ‘no’ in the practice of Bhramari.
270,"""For therefore faith, when they had made the states, worshipped the works of righteousness;"""
271,"""And the disciples came to him, saying, Why shall thou see these things?"""
272,Apply the number of name 2 as before.
273,We should open the terminal.
274,"Now, let us try the section, type the asterisk symbol and the slash symbol."
275,"""Food is one of India's different country and there are differences in India languages, bushes, waters, rivers and cultures and so on."""
276,Note that this is the way to draw a curve line.
277,"Now, click on the file that we had uploaded."
278,"""And certain of the Jews came to Antioch and Ecnias, and there came out of the city, which Paul was dead."""
279,"As a result, some of the images are displayed."
280,This tutorial is the creation of a simple web application.
281,"But I can change it by changing the colour. To do so, it is shortcut key ‘X’. I will pull some here."
282,But non static block cannot be parametered.
283,This starts as main method.
284,I will use Firefox web browser and the activ internet.
285,Let us see the actions of the code.
286,"1. Vegetables are calculated in water, air (oxygen) and water."
287,"""And the servant of the house came unto him, saying, Master, have thou treasure in the earth? and thou have done these things?"""
288,General care of seven
289,"""And when John was went into the synagogue, Jesus came to Galilee, and preached the gospel of the kingdom of God,"""
290,Now let us see how the code works. Save and run.
291,Go to applications in menu items and the programning and Netbeans IDE icon.
292,"""And when they had been revealed them, they might be able to explore them:"""
293,And I will show you this code.
294,Rama returns the warrior.
295,"""And when they had seen them, there came a man, which was asked, saying,"""
296,"Next, we will iterate by the result set."
297,The output displays the number of alllines in the dna2 sequence.
298,Gimp uses Windows and Macintosh programs with multiple small window window windows.
299,"""Food is from the words of any man, which is the word of the food, when our body gives us cloth."""
300,Let us go back to the place to place the box.
301,"""As the Son saith unto him, Master, or give me a serpen,"""
302,"Also, draw the type fists in the forehead of the hands."
303,"Now we will learn about the stroke or outline for the object. For that, we wilt use the Stroke paint tab."
304,"""But therefore the truth of the righteousness, came to Rama, which is great, and is full of prayers,"""
305,Scroll down and click on Save and display button at the bottom of the page.
306,"Right-click Open. Select Events, Action, Aaction Performed from the Text menu."
307,"""And it came to pass, that, when it was day, Jesus came unto him two disciples:"""
308,There are musical now.
309,"""Therefore I say unto you, All things of the seeds of the prophets, which have been called earth to the earth, and the propitials of this world shall be destroyed:"""
310,"""And when he was an apostle to his own Lord, he shall be called unto his Lord: for God can do the voice."""
311,and close the document.
312,"""""Guruver, you saw that the sun is a star. So, how can't it be seen in the night? A star at night shall be glorified?"""""
313,Then we call incrementAvailableCopies.
314,"Now, go to 310 CURRENT PUBLICATION FREQUENCY."
315,There are similar fields on the top.
316,"""Every rectangle of the soil, air, air and air muscles."""
317,Let's start to see the two fingers clearly.
318,"""And they shall be called by their head, and they will be brought by them."""
319,"""Slow the palms a bit far from the chests, the palm up."""
320,Snake the snare in the body.
321,"""And my beginning is in me, and my becomes in me."""
322,They are boys.
323,"""The process of the three breathing of body, waste and harm is called entire yogical breath."""
324,In this way we can see the objects in our four parts.
325,Now we are on the welcome page.
326,I will go to Sanskrit Sibira to read the culture.
327,Right-click on Exit menu item.
328,"Lesday, e.g. 'A' (a< b)"
329,We will learn about another options of the Align and Distrite dialog box.
330,The output comes to you with a++ print.
331,This condition is true and it executes the last statement and then increment will be increment and this is the loop again.
332,"Now, two objects are selected."
333,"So, we have to use made made for food."
334,add the final keyword from the name variable. We have now changed the name to final variables.
335,"Now I have all the brush in my brush section. So, I will close Archive Manager and clock the folder here and come to the GIMP."
336,"This command gives us the number of our blank lines. This is because, if an empty line is visible, x is increased and prints it."
337,We all know warrity.
338,Now we define the showDetails method and type: public void showRetailS( ).
339,Click on add stop to add another colour.
340,"""But when thou art given, let no man see what he does to his own eyes."""
341,There is a great priest of the breathing house.
342,"We have learnt how to have variables, methods and class members."
343,Bhavava: One who has to be protected from the abdomen.
344,"For example, we will put it in the center environment to see it."
345,heaven.
346,The children saw these things.
347,"""And when he was come out of Galilee, he called Jesus to Herod."""
348,"""And they that are in the city shall heal the people; and then the kingdom of God shall come, and speak what ye say."""
349,"I will type Patel, Arvind H."
350,"""Oktoumber-Nuember: There is a display should be shown to demonstrate the animals completely and the band shoulders are displayed."""
351,I will leave the Shipping cost black.
352,We already delete the processRequest.
353,This will open the quiz from the given days.
354,Now we are using Greater-Dyan operator.
355,You are different.
356,"Lastly, click on Save changes button and on Done button."
357,Click on the Units drop-down list and let us change it as we need.
358,"When the login is login, the details of the sequence are in the blocks."
359,"""And he saw that place, when he was living, it was too dark."""
360,The soldier dies after war.
361,The view is too useful in reasonment.
362,Earth is of a total type of plants living.
363,Click on the drop-down list of the palend mode. There are the 5 options here.
364,Select no other options.
365,"And the second cause is that there is also the ground that we want to water as we can. If the area is area of water, we will give more water with no water and no wavy."
366,"""Wherefore if they are parentheses, who shall they be in the body?"""
367,Type return 0; and place curly brackets at the end of the tutorial.
368,There are separated into:
369,"""Mother has different breathings and differences, which are difficult and experienced."""
370,Spoken Tutorial Project is a part of Took to A Teacher.
371,Now type:
372,"To optimize, select Auto Optimization Tool in the tool bar."
373,These options for the flud text are disable.
374,"""And it came to pass, that, when the day was come, Paul came the rulers of the Jews, and said unto them, Men and children, I would not do any of the works of my fathers, nor of the city of Jerusalem."""
375,"In Screen mode, the first various colours of the colour are types and parts are separated."
376,I select the Scale tool and save the aspect ratio and pull Scale window in the buttock.
377,Boy displays compassion in them.
378,Krishna’s devotees do not perform.
379,A teacher:
380,The name Ramasya is Sasra.
381,There are many primates of humans.
382,"In the Categories, select Java."
383,"""I am Guruvare, this is a small image of the earth."""
384,"""And ye shall not give unto them the holy things, and ye shauld not forgive them: and when they fear, they shall all be put together, and they will be redeparted unto you."""
385,"As we can see, the condition also generates round."
386,"If 'n' is 0, we will see what it is."
387,"For your assignment,"
388,Select Start Date and End Date to see very text.
389,Everyone from Eurjaya is fire.
390,Now I will make this image.
391,Create Table dialog opens.
392,Boy displays kindness in you.
393,Are you one of there?
394,But a static method can be converted to access only static variables.
395,"""In this case, the knowledge of practices and your help is given more milk."""
396,The other indicates that the Apache instance is running.
397,We see a square handle and a circular handle on the image.
398,Now we will learn about instance method and static method.
399,"""For there was not divided a great work, which was made in the mind."""
400,Here you can see Created With GIMP and Loop forever.
401,Bhilmachari is also called there.
402,He will eat the fruit only.
403,Folder’ drop down menu - select Bookmarks toolbar.
404,This is our header file stdio.h.
405,Mixed
406,You all say so on land.
407,And it is not equal to 40.
408,"""Halesteinfrecian, it is the cooking of the colour of Sukkla Krishna."""
409,"""And when they had sinned, there was the dead kingdom of them, which had been called sin, who had before Moses, when Moses had first been broken out of their dead; and therefore was nothing dead."""
410,But you can control the sharpening using GIMP on your own. I will show you do this in the new tutorial.
411,"The header file says ""stdio.h"" as ""iostream""."
412,This is a chariot.
413,You are the chapter.
414,"""But Philip, Philip, and John his brother,"""
415,"""To increase any features of health, it is done three more in the middle night of a minutes."""
416,And type the file name as ST-CD-label and click on Save.
417,"""And therefore I say unto you, That we might be called unto thee, but I say, that, when any man be fulfilled, he shall be fulfiled."""
418,Click on the Calculus course and scroll down to see the detail of the courses. Clike Enrolled Users.
419,"""For God hath made unto them the women of his nature, which are worshipped in the things of God;"""
420,Do not create main class but install main project.
421,Then click on Add random question button.
422,There are devoteers on the temple.
423,"In this tutorial, we will learn how to customize the Library OPAC and set the Global System Preferences."
424,"Next, let us see what status bar is doing."
425,"""And when he had grace in him, he said, I say unto thee, Jesus Christ is at hand, before the glory of God in the Gentiles: as it is written, I am in the face of the Gentles:"""
426,1. What is the name of the possion?
427,Yogi has eyes on God all over.
428,"""And if I say unto them, The sin of them shall not be fulfilled; but therefore it is of no use to remove them."""
429,INTEXT QUESTIONS
430,I will select Author (A-Z) from the drop-down.
431,It is need to have a place to set for the same milk.
432,"""And thou art with Jesus Christ, and with him that warth:"""
433,"""And he said unto them, Many brethren, when I was with them in the synagogue, I came unto Moses, and saith unto him, Master, why do ye passing one another with another brethn?"""
434,This tutorial is available
435,Now I use this command.
436,The Spoken Tutorial Project Team conducts workshops using this tutorial. Gives certificates to movement.
437,"Function call by value ,"
438,Pravana Asanas is to stretch your body back to the bottom of your boat.
439,You can open your own cleanning too or you can take workshops for the food.
440,This means that script overrites the tables.
441,Teacher tells all.
442,"""The word of God is not divided, for all that are in Israel shall not be in Israel."""
443,System.out.println(n); Then we increase n = n + 1;
444,What shall there be an error in the glory of God? or who shall God remember it?
445,Place the head of the Sutra and take the following down to the place which is present.
446,"""And they were different from the left, and the right, and two chariots, and one with another."""
447,Who boy devoted?
448,"""And the Lord said unto him, Simon, see that he might see these things which ye see, and see:"""
449,Change line Spacing 1.50.
450,"""For the end of this commandment is to be fulfilled in the mind of men."""
451,"To open the terminal, press CTRL, ALT and T keys."
452,We all must do.
453,other codes are same as our switch.c program.
454,The name of the next tool is Intelligent skissors or Scissors selection tool.
455,"""Blessed is heaven in the middle of the midst and middles,"""
456,Bhishma will come and see the single.
457,E267 with the amount of Employee ID and 10000 with the value of Emloyee salary.
458,"""And when he was in the garden, he saw the clouds, but not in."""
459,"Now, logge out from the Database administrative user session."
460,This returns the culture.
461,explain various type of asanas.
462,"""Asanas to be performed, e.g. different, allargasana, savasana, Halassana, Matsyasana."""
463,"HTML and this tutorial will be available for you. If not, please contact our website for relevant tutorials."
464,"In the next line, type “else” and open the floor brackets and click on the Enter."
465,Those two are palms.
466,Teachers of all different types are required for you.
467,Note that our file name is pointer_demo.cpp.
468,"""And I put my voice on myselves, and my testimony; and ye shall hear your hearts in peace."""
469,We are now in the Teachers dashboard.
470,"Now, in the Price before Tax field, I will enter Price as 48,000."
471,Note that servlet is same as any other Java case.
472,We are using the keyword “thisday” for another among the one constructor.
473,I will increase the grid line as summarized with the slider. This will look fast.
474,My third worship is to give me Spirit of knowledge.
475,"""For when I go, there shall ask you into the midst of the circle, and will give you away."""
476,We can open Inkscape by double clicking on the logo.
477,"""And I would not be called unto the Son, but as a minister of the Spirit."""
478,What was Kalidas?
479,"To do so, type the command in the terminal and press Enter. We have the output."
480,"""For the work of God hath not from food; for all things are holy: and whosoever shall be made, they shall not be burn."""
481,I will leave the pencil from the pentagon.
482,"""Listavi king Bhaskaravarma, JashoDruma, Shri Krishnadeva (Chief King of Vijyanasana) and Lalitati"""
483,Bhita Krutah: One who is true as the plastic worker's name.
484,It summarizes the Spoken Tutorial project.
485,"To reverse the string, the code is written. It named reverses.awk. String revers is used for reverceive functions."
486,"""And when they had not seen them, they were worshipped in their God, and saith unto them that were in the temple of God, because there was no sin."""
487,Yoga is destroyed for the following sequence of the folder.
488,There are creates using the commands given to the original file.
489,"""And when Mary was with the Jews, she went up unto the mountain: and, lo, they came into her, saying, This is she; and they followed not."""
490,"""And when they had seen them, there was no man: for the Father saith unto him, I am not a man."""
491,"""And when he was raised up, and worshipped up the days,"""
492,User:
493,It calculates your mind which is inflicted if you are in charge or weak.
494,These things of Nataks should be bookbooks for these used things.
495,"""There is a list of Indian plants which you can install in your house, while you can place it in your own house it can be removed."""
496,"else if conditional-expression2 is true, then perform action 2."
497,Brocodillapoge can be called in English too.
498,Change the carbon to the left.
499,"""And Rama said unto him, What is Rama to believe in his power?"""
500,Boy displays regard on you.
501,This means copying.
502,We have to define the move() method.
503,"""And it came to pass, that, when they had been departed, they and the thy thy disciples heard therefore a parable."""
504,You play.
505,Observe the output. We have returned the original sequence of index.
506,Observe a small triangle on the left side.
507,"Let us summarize. In this tutorial, we have learnt about:"
508,The command can be differently or multiple words in a single command.
509,Setup user accounts
510,This means that her excellent colour is displayed one or more time.
511,Instance variables and static variableS.
512,"""Then Peter answered and said unto him, Take this parable unto me."""
513,"""Among the one god is as important as the world, He is the Spirit of all things, the Lord of all righteousness, and the LORD of all men."""
514,"""And the Lord answered and said unto him, What is the LORD, that, when it is come to an end, he shall preach his house to his own house?"""
515,. right: right for all works.
516,Benchmark is to carry the category up or down. It is menu and gets settings and gear icons. It has been indicated by Don an arrow.
517,"""And he said unto him, Let us send it unto them that are far and far, and unto all the Gentiles."""
518,Do not exhale the heaven and air muscles.
519,"If any field has an example, click on the help icon to know how to prevent it."
520,There is the air called oxygen and multiple types of organisms.
521,Asana is classed as:
522,The name of the series is 'ach'.
523,"""In the position of relaxation, clean the matra, feel the feet in the body."""
524,And let us learn to add and edit the node.
525,Shri Krishna brought the problem of Pandavas.
526,I will place it as 1.
527,Shri Krishna stops Arjuna’s chariot in the army.
528,It is generally called Isoprene.
529,You both speak.
530,That has happened.
531,Go to the Toolbar and click on Apply button.
532,Let me click right on the layer and select the Flaten image.
533,"Next, print the reverse complements using the revers complementation of the sequence object."
534,You can also create brackets in a way that is available in the common way.
535,Click on Fill in correct respondes but it helps us to observe the questions options.
536,"""And they were commanded to learn about works, that they might not be fulfilled."""
537,"""But when they shall not find, they and the elbows shall be able to root, and they will not be filled:"""
538,We have the option minus c.
539,Boy displays love in it.
540,Before the first time of you know that in the morning ye have the will of yourselves in the garden.
541,"""There is no use for the sun and sun, for there is not there in the city of the cities of God: for they are worshipped in God."""
542,It increases your energy. Exhale the breathing out from the bread and more more through the energenes.
543,"If we don’t give any image to the logo, Short name is used as logo text too. We will put it in the same way."
544,"""And when he was brought into the villages, he taught them."""
545,Boy displays regard on these.
546,"""After the day's time and the night of the same day cometh,"""
547,Let us now example the user of static variables.
548,BANDHA: This word means close. This meaning or matting is the way it is.
549,"After completing eye energy, it increases the eye nervous song."
550,We defined the constructor with two parameters.
551,Bloth is an assignment for development and respiration of the heart.
552,"So, type: public void showData( ) and type the following code in brackets which are printed by id, name, branch and the number of students."
553,The practice is based on you.
554,Sita also exhalated Raja's cloth.
555,Let us initialize the fields of the second object.
556,6.5 What are new trees?
557,What does Krishna panel need?
558,Let us go back to GreetingServlet dot java.
559,It is called that the raise of water is in the sun.
560,We have to create a database for FrontAccounting.
561,"Note that we have not initialized the x value. Awk, x initials the first value to 0."
562,"""He that loveth you, he shall believe it:"""
563,"So, let me open it."
564,You all know the cloth.
565,Observe the most nature in the image and I will set the opacity tool.
566,You can also give the Miscellaneous cells from the villages.
567,The thread should be on ‘J’.
568,He is not a soldier.
569,"""Wherefore we all sin, and our sins, and left us not for our promises, but for the same sins."""
570,Let us start with the back of the string.
571,"To use these options, check the check-box check box at the bottom of the subcategory."
572,The Spoken Tutorial Thyme conducts workshops using the spoken tutorial tutorials. They get certificates which are promoted online.
573,It is the position of frequent or peace from all the concepts.
574,Here is a program.
575,The villages are displayed in this village.
576,Write dot to clean the goshal.
577,"""And when he had given his hands to them, he came to the place."""
578,4. one of the seeds is white animals which come out from basic plants.
579,"To create, remove, change and end data."
580,"""And when they had heard the gospel, behold, they were strong in the words of the church."""
581,"The std is namespace here and the entire standard C++ library will be declared. Now, press Enter."
582,Note the details here.
583,Please relaxation.
584,These two are in Patras.
585,Puspapatanga. The Puspupapapa Patango is brought and uses it.
586,Type the name of the file welcome.
587,"Similarly, we can assigne the Students to the course."
588,What do you eat?
589,The qualities of heaven are words.
590,Click on Add button at the bottom of the activity brush.
591,Then click on the Enter Payment button at the bottom of the window.
592,Table environment is floated so do not add it here.
593,And the converted temperature should be shown.
594,Create a class named Welcome.
595,There are two buttons of attachment.
596,We have learnt about the user of layers.
597,You will get some sMS from your telephore.
598,"Similarly, we will learn how to parise data files using functions in the sequence input output module."
599,You can see that this image is now antiqual to. I will reduce opacity to 50%.
600,Let’s come back in normal position by breathing.
601,This is because the synagogues get over it again.
602,You will see another values in your interface.
603,Zoom and click on the star.
604,But the time will also make changes in the form of the objects.
605,Cow practice drinks.
606,main is a special function.
607,We can also edit the date.
608,This will sent one message to all the students of the selection.
609,"To read this tutorial, you are:"
610,"In the Password text box, enter your choice."
611,"At the same time, recording software creates a video."
612,This is a woman.
613,"To help tool used in this tutorial, we have recorded this tutorials using green resolution."
614,"Also, I recording it in 800/600 images and reduce it in 640/480 images. So, it works on the Apple TV."
615,Boy displays fondness in these all.
616,Compile the buttock and exhale it out.
617,"It also gives some protect options of cuttil web pages, spiware, viuruses, trojans or any other doctrine."
618,This is because it has been prepared that the health increased the heart and the medicinal strength.
619,The synagogue will be updated.
620,All the sounds of the circle of the colour muscles were fulfilled in the sky.
621,This knowes this.
622,Kings does not pass on Dalepa.
623,"First starting FrontAccounting interface, start XAMPP all."
624,This statement prints the address of variable num.
625,You all please.
626,"""For I say unto you, He that verily believeth me is me; and he that doe thy great works also: for I am come to my Father."""
627,"""And when the man is in the room, he will close his clothes, and will not return."""
628,The student knows the number.
629,The world is already present with Indian knowledge of harmful or making of sloka.
630,I am using Moodle 3.3 and Firefox web browser. You can use any web broser you want to.
631,Trees are water in the ground.
632,"The file is saved as ""HIV_geneseq.fasta"" in your home folder. Press Enter."
633,You are a friend.
634,The mind will practice the actual Spirit at the end of Samuel.
635,You all sing.
636,"""While knowledge, vivecation, practices and music can be displayed with devotion."""
637,"""And when I said unto thee, Am I refuge you?"""
638,"Now, let us see how to execute the same program in C++."
639,Click on the GL Account classes link on the Maintenance panel.
640,"""And God saith unto them, Therefore God hath given unto him the kingdom: but he that believeth in him shall be destroyed for ever."""
641,"To record this tutorial, I am using Ubuntu 11.10 Operating System"
642,Let me name it Account Balance.
643,Place the original rectangle of the home folder.
644,"""I have seen the students which are placed in a different place."""
645,"To follow this tutorial, you should learn about Library Photoological knowledge."
646,"""And when Jesus was declared, as God had predecited him, he was dead: and ye cast him into the hands of the devil."""
647,There is a japanese.
648,Maharshi selected Indian Vedical Rishira.
649,This was the place which all met.
650,"Before example, check the demonstration of each steps."
651,"To get books and softwise, please contact your central system."
652,Let us learn how to create groups in the course and send messages to the students and notes.
653,"""There are some examples of cows, plants, muscles, mouses."""
654,There is also a ‘bjmatra’ with the names of the sun god.
655,This opens the File Browser window.
656,explain the question in the minute and in the sequence. Our country returns anywhere.
657,Click on Show Layer Mask.
658,Trataka is a practice to centering on a certain dot point.
659,It is used to water in the garden in the morning.
660,You use the terminal and
661,The FrontAccounting interface opens.
662,But these are not useful for users of teachers and students.
663,"In this tutorial, we will learn about various functions calls."
664,"""While makes machines of matters mathematical for humans, but the structure of nature is not many."""
665,"""When shall I release their own own husband, and sleep the mouth?"""
666,The first data is in the number index.
667,Click Edit in the Menu bar and then on Preferences.
668,Sequence that you have completed this tutorial every time.
669,"""And the tenth day of the judgment of Typhorus, which I say unto you, Sydomorah and Jordsha."""
670,"To save the document, run this program by press Ctrl-S."
671,"""But Siddans, in which was a parent righteous city, was a city of Philip's city."""
672,Let us now change this to ‘enumerate’.
673,"""And Jesus answered and said unto them, What shall ye see yourselves?"""
674,"""(Therefore there is the law of righteousness, which is not thereforest of the brethren to kill the kingdom of the brothers;)"""
675,"""While helps the breathing normally, and helps breath the bread straightly."""
676,The water of ninu is used.
677,"In this tutorial, I will refer to the summarity and features of the GIMP."
678,"""And when he had taken his burden servant, Jesus came his hands into his house, and said unto him, Jesus."""
679,"""For therefore they shall be strong in Christ Jesus, whosoever they can be put in his feet."""
680,"""This goes to the end of Casherus, to the mind of minds."""
681,"Here is an assignment for you: In Mathematics, add a new subcategory 2nd Year Maths and delete Miscellaneous category."
682,Repeat the breathing. Slow the body through the head and place the ground.
683,Observe that Gardan is able to follow the back.
684,There is the main.
685,Switch back to terminal.
686,Let us put the mouse value at the end of the box.
687,And there are normal errors and foods.
688,Type: cd space slash user slash bin.
689,"""And when the food was filled, Jesus saith unto Simon Peter, Son of Jonas, Dost thou love me more this? And he saith, The Lord, thou knowest that I love thou; and Jesus said, There shall I pray my sheep."""
690,I go to File and click on Save As and change the file extension from 'tif' to jpg 'PG'.
691,How important is hygienthesis for humans? Write four causes.
692,ii. You should have to clean and clear.
693,The practice comes with different concepts.
694,"By devoteing, they came out of the player school."
695,Boy displays trust in you all.
696,Let me add one and detail then.
697,Paternal grandfathers have taken Krishna's name.
698,Mood the right leg with the knees and sit on the edies.
699,"""And when he had opened all things, he saith unto the people, Explayed them, and said unto him: and his hand was releaded, and so it was."""
700,"""But when Jesus had written any of them, the disciples came and said unto him, Sister, this woman cometh after us, and cometh from us."""
701,This is some day-to-day information where you get the user information.
702,"Here, we execute the query to delete the book entry Checkout table."
703,"""In the synagogue of Indian Sanskrit, people and children are recorded in the synchnological synagon, and in the food are important places."""
704,"If we want to delete multiple files and subdirs, what do we do?"
705,She don't want for the fruit.
706,She will like more plants of that sort.
707,Marichasana Sthiti: Dandasana
708,"""And they shall not be strong,"""
709,Child has respect in me.
710,Create a new question button and click on Short answer option doublely.
711,The selected plants are displayed in blue.
712,You can see that the world has changed body and life changes.
713,"""And when we believe you, we are perceiving you in the faith of your faith, and in the perfectness of your truth."""
714,It is important to cooking foods of social values.
715,"""And I will not receive a new goston, I wilt not reveale a gosniphelar."""
716,"Now, the download is begin. Click on Save File button and OK button."
717,"""But the knowledge of the law of the time, and the knowling of God, before us faithful in God, and in the known of God;"""
718,This successfully message appears.
719,"""And if we tarry the time of our fathers, we will not be partaked of the prophets."""
720,You both see.
721,"Calculator, Text Editor, Terminal, Firefox Web Browser, Videos are available on some simple applications and on LibreOffice Suite button and on the Home folder."
722,Note that the response.jsp file is displayed in the Project window under index.jSP file.
723,Spoken Tutorial Project Team conducts workshops and gives certificates to improve online test.
724,3. How the mouth is building. The moutal of the movement is different.
725,"Here, I will give the value to b again."
726,This tutorial is added to Priangka-Mahajaga.
727,Compile as before.
728,"So, here the brush can be used to make a feater colour or create a frame on the page."
729,Concentration of breathing or Pranayama.
730,"After the practice time, enter the breathing in the body."
731,The children said.
732,There are some benefits and some developments.
733,It can be called ‘centering’ on the buttock.
734,"""And when he was astonished for long time, Physitus the kingdom of Paul, went into a certain commandment, and a certain servant, Philipas."""
735,"""These elements are created in iiskcan, stile, iiskke, alyminium."""
736,Boy displays fondness in them.
737,"""After food is fulfilled, when a person goes to food, it is called food practice."""
738,Geeta’s good good because of a science of knowledge.
739,Sakara:One who protects the triangle.
740,"""The law of the Spirit of life, which is the law, and the commandment of sin, and of Jesus Christ."""
741,"""Maintain your muscles (as far as you can) and raise your heads,"""
742,I will delete the details if the attribution is not need for my proxy.
743,The Spish charioted forwards.
744,"""As Guruvare! This is normal, I know."" Gopal answered."
745,Click on Authenticate button with your admin password.
746,Let me now declare the string.
747,Let us now change the bands opacity.
748,Let us call the method in the main method.
749,Type: grep space minus i spacewithin double quotes antit space saraf after the douple quotes space grepdemo.txt
750,"If not, for relevant tutorials, please visit our website."
751,Select the zip file of size 30Mb and click on Open.
752,Step - 4 4.
753,An error informs us that we should provide an implementation for the Animal interface.
754,"""But if any man raise up one of the mouth of the church of the faith, he shall be rejoiced of the righteousness, that he might do his work."""
755,"""Therefore the Jews know that there is Perseera, the son of Herron, the one of his son."""
756,"If so, the Save File window opens the message for us to fill into the File."
757,Which has done.
758,"""And Paul answered and said unto him, Thou know that I am the minister of the Jews, and that I have no committed unto thee."""
759,"""And the people rebuked them, saying, These are these that are in the world, and the sepulchants of them: and this man, whosoever God hath saved, he shall be with him."""
760,They are lands.
761,These features are following in Vetha.
762,We can change the size of the star using other handles and round it.
763,Course category is set by the administrator.
764,Now type: ls space -l space example1 and press Enter.
765,The figure of some area is displayed. Click on the three brush and drag on the canvas and remove the Stroke in sequence.
766,"""And raise the angle to one another, and match the head."""
767,"""And if any man put himself in the form, he shall be a minister of the Lord, a minister for all things."""
768,"""For therefore the spirit is in the Spirit, which is in Christ."""
769,It creates a declared rezion and defines a scop.
770,benefits of animals
771,We will use bacteria to keep inside the sewing manner.
772,"""And the arms walk in one's colour, and punccesar the bacteria, which gives the fruit to the women."""
773,"""And it came to pass, that, as thou seekest, I will serve God."""
774,After this practices you can fill in your image and practice it.
775,"Now, let us start reading."
776,We see that the home page of the Glassfish Server is displayed.
777,Move the mouse link to get hiper link address details.
778,Now I have a good way to get a list of the colour.
779,I will define the CD design layer.
780,"""And when they had been departed, they heard not therefore, because they were deathed, and not of them: for they also were made death."""
781,Let us run the code. Save and Run.
782,Place your palms to the ground.
783,"Now, I will click on Scale and get the image."
784,If the default for Calculus option is not selected by defalt.
785,"We send the value in 11 and Raju to constructor. So, this is it."
786,Now click on the next button in this field.
787,Then return the lesson.
788,Children will play.
789,The age must be a positive integer.
790,It should be displayed in this case as it is used here.
791,"""And it came to pass, that the seven angels of them might be called, and they might seven."""
792,I will look at the good number.
793,Now let us learn how to use this keyword.
794,I will know the book.
795,Spoken Tutorial conducts workshops for this tutorial.
796,"""And when they had did, they sent me a book, which I sent to Antioch."""
797,More information on this mission is available at the following link.
798,"""And thou art not able to teach unto them of the church, and unto those things, and to them that are commanded unto be profited, and not unto himself?"""
799,The General menu has two sliders: Quality and Fog.
800,Please do not practice our questions. This will not make any story.
801,"""But if they stand not, they shall be returned again: for there is the power of God to return."""
802,Click on Save.
803,"""And when Yasson and Sister gave blessed him, he departed him."""
804,It helps to create different quices for each or more tutorials.
805,"To show a number, it has the PID of the shell that is available."
806,1. Asana helps in development of humans.
807,"If so, please refresh for some time."
808,I have written a culture.
809,Makarsana 1
810,The AddC file is in the XYZ file.
811,"This is because if you change any method final, you can overrid it."
812,"""Describes, all pretorials are difficult and different."""
813,Now write the password and click on the login.
814,"Now, let us see the URL."
815,I will copy a value over the Background layer.
816,Here is the first layer to create a sequence record object.
817,He receive righteous gods.
818,"""Old Indian would know about disease."""
819,"""And no man can raise up any man for him: but a man for righteousness, and no man will take any man."""
820,"Again, click on the Account Description drop-down box and select Capital option."
821,"If the errorMsgs like is not empty, we will show the error Msgs in addUser dot jsp."
822,Now click on Save.
823,"""And when our father Abraham was righteous, we shall say, What shall we say this?"""
824,Note that we are using only default keyword.
825,More information on this mission is available at the following link.
826,Then the Antialiasing is for movement.
827,"Next to this page, ‘ Tag’ number 010 is not displayed."
828,"In the Projects window, right-click on Sample.java file."
829,Bank Account and Reconcile.
830,Boy has trust in you all.
831,Let us use the const keyword to start a read only variable.
832,"To record this tutorial, I am using: Ubuntu Linux OS 16.04 and Koha version 16.05"
833,"""And the chief priests and his first day for his sins, and there is no use for the sins of the people: for it is written, and one who hath done."""
834,"""And if Satan destroy out Satan, and separated himself, what shall his kingdom be?"""
835,Click on Go to recept page.
836,"""And he answered and said unto them, What shall I do, which shall come into thee, and shall be able to come in to thee?"""
837,"If you do not get any error message, the Biopyton is installed."
838,Then go to the tab 245 TITLE STATEMENT:.
839,"""But therefore I say unto thee, Except I speak unto him not: for he that is of the grace of God hath the gospel of the righteousness believeth the Lord Jesus, and gave his life to his servants, and have highness in his way;"""
840,"""And when there is a great multitude, we shall be glorified of all the prophets of God."""
841,"Now this place is darker here and this white colour is already very which is very green. So, I will pull it down."
842,"""And when they had passed him, they entered him into the multitudes of the people, and entent him: and they came to him."""
843,Sometimes the logo file does not show the Orbital detail.
844,Name your user as Su and press Enter.
845,"When you complete the typing, check to the Correctness region. This will displays your typing version."
846,"Now, let us see the laptape."
847,"Move the body to the right and left legs, i.e. the direction of the heads and the heels of the seconds."
848,Scroll down and click on Save changes button.
849,"""Madhya: One who will give us fearness and devotees, and will come to us."""
850,These are very powers.
851,But this is not visible. So I will change the tenth.
852,Now delete the format specifier.
853,People say that there is a great word of God.
854,Yagyapatih: One who is the Lord of knowledge.
855,Click on Save. First we will change the header file to<iostream>.
856,Boy displays friendship on them.
857,The code is written in awk BEGIN section.
858,"In the course page, forum name a link appears."
859,Let’s add another block. Click on Add a blocker menu at the left.
860,"By default, Unit penalty field displays 0.1. I will do that 0.5."
861,Sutapah: One who is used in sutra.
862,"To add a DNA number sequence, go to the Build menu and go to Insert and click on DNA/RNA in the sub menu."
863,The Preference Windows window displays multiple tabs.
864,settings for the Viciting Card
865,Please note using these two commands automatically.
866,What will you pull a single?
867,The detail for Download
868,You can keep your hands on your head but it has to because the hands do not bring on the head.
869,"Let us summarize. In this tutorial, we have learnt about:"
870,"If not, add some errors with logic or algorithm."
871,The working law is very trust.
872,"""And they came water into the water, and know that there is a fire of water: and they went away, and the waisted again again; and there we see the fire."""
873,"When typing, you will also try typing without different panels."
874,Moodle has many plugins for teachers and site administrators.
875,We get the output as We have successfully run a java program.
876,If two equally respondents are given 1 and then the pencil gets printed.
877,What is pushpa?
878,Brashtram is used to take more thandula.
879,The surfaces settings dialog box opacity opacation opens up. Slider the slider to add it.
880,"""And all the people of the city entered and said unto Jesus, Go and pray him, and come and tell him."""
881,Fill in the following words.
882,Let us now log in using the username Bella and her password.
883,"After completing the air in your chest, place the head on the heaven."
884,This URL is based on the port number of Sys-ad and domain data which is installed.
885,This is rounded to 90 degrees.
886,Click on the home folder.
887,"""Blessed are ye, and good, and because ye are full of goodness;"""
888,You can right-click and access the connection node.
889,Bhagavad: One who is also named as Natrajo.
890,"""After a look at the back food, there are some numbers of foods."""
891,"""For God hath not chast us into glory, but by our Lord Jesus Christ,"""
892,"""And he said unto him, What hath thought thou these things?"""
893,"""Aktrahi: One who works does not get hidden."""
894,"""And the body was displayed, and there was a great deep, which was developed, and make the flesh name."""
895,Arjuna is here.
896,"""The God of peace be with you all."""
897,"Now, click on the Firefox window."
898,"""And when the chief priest was with him, ye should have respect in the glory."""
899,Let's believe that there is a figure and directory. We have come to the end of this document.
900,"""And when they had come in, they were astonished."""
901,Boys will take a new cloth.
902,"""Earth is completed by 365 days"""
903,"Note that the course is assigned to it, i.e. Admin, Course creator, Teacher, Manager etc."
904,"""And when they had brought forward Sita, Ramilachman entered them: but they were not able to see Sita."""
905,Food gives us improves the body.
906,The action of joints is very important.
907,3. Nasika - various variour types of Nasika goes to milk.
908,The soldier executes.
909,"So, I will select the overcolor from background colour. What is it here?"
910,The Spoken Tutorial Team conducts workshops using spoken tutorials.
911,"""The end of this practice is that you have to select the 3 different parts of the breathing and have them in full yogasana."""
912,We have come to the end of this tutorial.
913,These options are same as in other word processer applications.
914,We successfully installed the XAMPP server.
915,Move the pressure in your eyes.
916,"""And he that is answered is not therefore in the word of righteousness, nor in the law of his disciples."""
917,"""And as he said, Go and see there, that they might see all things, and that there might not be cleaned."""
918,I will go to my cut.
919,the characters in perspective
920,Exhale the breathing and bring the left leg back towards with your upper body and stretch the muscles to the knees as in step 2.
921,Let us go to the terminal. Let me clear the prompt.
922,"Here, the first field is dollar 1 i.e. roll number. The value is doll 6 multipleed by zero point 3'. The dollar six staping value."
923,The students have appeared.
924,"To do so, go to the top right corner. Click on spoken tutorial library and click Log out from the drop-down."
925,"""And when I come to you, I will come into you, and tell God in my prayer; and I wilt see that they which have done not before thee, and that there shall be my charge."""
926,I will leave them blank.
927,INTEXT QUESTIONS
928,"(hash) Type “#include”, space, opening angle bracket, closing anglebracket."
929,"So, I go to Filters >> Enhance >> Sharpen series."
930,Click on Stop to stop the auto optimization process.
931,3. Varahahmihrah:
932,The Spoken Tutorial Project is a part of the Teacher Project.
933,"For this, we have information that write permission is given to the directorie."
934,Export the file by 'eps' format and see it.
935,Now I want to say more about the selecting of brushs to paint and colour.
936,Nikamiah: One who has multiple maias teachers.
937,This is the cause of my conversation with God by Jesus Christ.
938,You are a student.
939,"The question is, Birthday option comes."
940,"""And Jesus answered and said unto them, The prophet is not a doer of it, but of his children, and of hiddens."""
941,"""And I thief I have seen a great colour, which dieth, and the people that followed him, and give to him their heads, and great head, and children, and peover, and earth,"""
942,iv. primary
943,"We start with the image cropping. In the next tutorial, I will show you what you can do by picture."
944,Let me go to the terminal and clear it.
945,Let us come back to the slides and learn about the main function.
946,"Devotees joy, daity, peace and knowledge."
947,"""And they which are therefore they that are believe, and the people that are in the worlds of God, and while are in one seconds:"""
948,"""Behold, humans are repeated for works, not for devotion."""
949,"""And when he had completed all the works, Paul came to Macedonia into Jerusalem, and said unto him, I have seen the truth of the city, which went down."""
950,The output displays in the GC content parence.
951,It should look newly.
952,Note that all C files have the extension “.c” (dot C).
953,Sadgati: One who is the most of all.
954,"So, I select the Clone Tool and change the size of the brush."
955,"""For the knowledge of God hath preached the glory of the angels which are in heaven, and have made all things in Jesus Christ."""
956,This is a small tree tree which increases the leaves while increases up to 10 to 12.
957,"As we can see, the output is ""Hello Space World""."
958,Type the date space plus percentage symbol in prompt and press Enter.
959,"""Blessed before the Gentiles of Lord Nisphere; for he reused Rama again."""
960,Browse the folder path at the bottom.
961,Ubuntu Linux OS specifies that multiple workspaces or desktops are available.
962,"In the new window opens here, type your useser name. I will enter frontacc as the user name as."
963,There is a message on the word “Jornal entry has been entered”.
964,Locate the image in place.
965,"""And when we had a new strength, we have the spirit of the world, and the Spirit is the lust of death;"""
966,The data on the level field is displayed as 2.
967,"This works in Linux, Max OS and Windows."
968,---Add the audio @02:32 from the tutorial nstallation of FrontAccounting on Window OS timing 08:10 to08:30-
969,The following five plants are very development and are verify to godvas.
970,"""Behold, I will give you the power of salvation, and the mouth, and all the strengths, and ye shall be destroyed."""
971,"""Inhale, inhale with no pressure. It should be knowledge normally."""
972,"""And man will have his own fathers, and will hear his feet: and there shall be two years; and ye shall learn?"""
973,"""And he an angel of the angel saith unto them, What shall I be? for I am an hour, and my dead."""
974,"So, let's just refer to the changes here."
975,Please fields in this section if the student want to select his own position.
976,Click on Cataloging on the Home page.
977,while loop
978,The ls command works by input for wc command.
979,"To add the printer to a computer,"
980,"""And they that were in the world, and the people, and all that dwell them, and make their treasure, and like them that are in the earth;"""
981,"If all the conditions are true, the last Else section will be executed."
982,Select MMFF94 Force Field and click on Start button.
983,Devotees of all things.
984,"A file has a name, a person has righteousness or associated in a file which has the structure and changes of the file."
985,Fire words are functions of the form of energy.
986,"We have learnt about the coordination components, demonstration of geometries and creating nano tubes."
987,The movement of the nervous is ready.
988,"""And there was a window, and there appeared."""
989,"In 'Bcc', we refer to stlibreoffice@gmail.com and info@spoken-tutorial.org."
990,Here is the first field role number and the 6th fielde students are staping.
991,how to remove and removed the blocks tutorial on Blocks in Admin's Dashboard.
992,"""In many ancient Bharati's book, the law is provided to safe the same protection of all things."""
993,"""And ye shall be therefore of faith, which are the names of the nations of the Gentiles by Jesus Christ."""
994,"""Exhale breath, exhale the breath out of poor."""
995,"""And therefore thou said unto him, Thy three threes gave me; and Jesus saith unto his Father, Verily unto me, that there might be out of me."""
996,All the people in diseases thanks of great hearts.
997,"""Nithn bare witness, and said unto him, Can thou raise any man a parable in Nazana?"" And Philip answered and saith unto them,"
998,I will pull it up on the toolbox. This is here.
999,"The settings for edit, hide, duplicate and delete the resource are available."
1000,"""If the body is expand a bit and the boy is released in total calculation."""
